{
  "project_info": {
    "project_number": "968791241531",
    "firebase_url": "https://szkolnaaplikacja.firebaseio.com",
    "project_id": "szkolnaaplikacja",
    "storage_bucket": "szkolnaaplikacja.appspot.com"
  },
  "client": [
    {
      "client_info": {
        "mobilesdk_app_id": "1:968791241531:android:465c6e15a4e8490f9f3d1e",
        "android_client_info": {
          "package_name": "com.hfad.aplikacjaszkolna"
        }
      },
      "oauth_client": [
        {
          "client_id": "968791241531-kc9nrm5g0vcei99ku5uqpivsgf5th8cd.apps.googleusercontent.com",
          "client_type": 1,
          "android_info": {
            "package_name": "com.hfad.aplikacjaszkolna",
            "certificate_hash": "f5c2be723818aa7dc6174bf94f445cd18216525a"
          }
        },
        {
          "client_id": "968791241531-3o4lc1tjc929k6d7t09vq902spn15bm8.apps.googleusercontent.com",
          "client_type": 3
        }
      ],
      "api_key": [
        {
          "current_key": "AIzaSyDLpKbFkygRPrQYPgrF4fA8Yd--WkT8tOE"
        }
      ],
      "services": {
        "appinvite_service": {
          "other_platform_oauth_client": [
            {
              "client_id": "968791241531-3o4lc1tjc929k6d7t09vq902spn15bm8.apps.googleusercontent.com",
              "client_type": 3
            }
          ]
        }
      }
    }
  ],
  "configuration_version": "1"
}