{
  "project_info": {
    "project_number": "164994847257",
    "firebase_url": "https://niesamowityprojekt-245620.firebaseio.com",
    "project_id": "niesamowityprojekt-245620",
    "storage_bucket": "niesamowityprojekt-245620.appspot.com"
  },
  "client": [
    {
      "client_info": {
        "mobilesdk_app_id": "1:164994847257:android:706452dbb0fc1c80",
        "android_client_info": {
          "package_name": "com.sample.notify"
        }
      },
      "oauth_client": [
        {
          "client_id": "164994847257-ktr3bus24fi8sei1ibfpusu6m5ngupsu.apps.googleusercontent.com",
          "client_type": 1,
          "android_info": {
            "package_name": "com.sample.notify",
            "certificate_hash": "f5c2be723818aa7dc6174bf94f445cd18216525a"
          }
        },
        {
          "client_id": "164994847257-ohnksbcug7a3auekg2jpvodsteug1avs.apps.googleusercontent.com",
          "client_type": 3
        }
      ],
      "api_key": [
        {
          "current_key": "AIzaSyDYAzjcZ-sHUevmMImI1diz7SO9HWsU8BM"
        }
      ],
      "services": {
        "appinvite_service": {
          "other_platform_oauth_client": [
            {
              "client_id": "164994847257-ohnksbcug7a3auekg2jpvodsteug1avs.apps.googleusercontent.com",
              "client_type": 3
            }
          ]
        }
      }
    }
  ],
  "configuration_version": "1"
}